Galih Pratama,"galihprataa@gmail.com"
Ira Setiawan,"irasetiawann@yahoo.com"
Desti Putri,"destiputritiararini@gmail.com"
Dedy Supriyatna,"dedysupriatna91@gmail.com"
David Immanuel,"davidimmanuelsanjaya@gmail.com"
Dini Sabrina,"dinisabrinaa@gmail.com"
Ardian Budi Kusuma,"ardiancynecrov@yahoo.co.id"
Thomas Octavianus,"thomasoctavianus@yahoo.com"
Aria Ar Razi,"tertawaria@gmail.com"
Kei Shinta,"k_shinta_rm@yahoo.co.id"
